[
	{"country":"AU","capital":"Canberra","short":"ACT","name":"Australian Capital Territory",
		"city":["Canberra"]
	},
	{"country":"AU","capital":"Sydney","short":"NSW","name":"New South Wales",
		"city":[
				"Albury-Wodonga",
				"Armidale",
				"Ballina",
				"Balranald",
				"Batemans Bay",
				"Bathurst",
				"Bega",
				"Bourke",
				"Bowral",
				"Broken Hill",
				"Byron Bay",
				"Camden",
				"Campbelltown",
				"Cobar",
				"Coffs Harbour",
				"Cooma",
				"Coonabarabran",
				"Coonamble",
				"Cootamundra",
				"Corowa",
				"Cowra",
				"Deniliquin",
				"Dubbo",
				"Forbes",
				"Forster",
				"Glen Innes",
				"Gosford",
				"Goulburn",
				"Grafton",
				"Griffith",
				"Gundagai",
				"Gunnedah",
				"Hay",
				"Inverell",
				"Junee",
				"Katoomba",
				"Kempsey",
				"Kiama",
				"Kurri Kurri",
				"Lake Cargelligo",
				"Lismore",
				"Lithgow",
				"Maitland",
				"Moree",
				"Moruya",
				"Murwillumbah",
				"Muswellbrook",
				"Nambucca Heads",
				"Narrabri",
				"Narrandera",
				"Newcastle",
				"Nowra-Bomaderry",
				"Orange",
				"Parkes",
				"Parramatta",
				"Penrith",
				"Port Macquarie",
				"Queanbeyan",
				"Raymond Terrace",
				"Richmond",
				"Scone",
				"Singleton",
				"Sydney",
				"Tamworth",
				"Taree",
				"Temora",
				"Tenterfield",
				"Tumut",
				"Ulladulla",
				"Wagga Wagga",
				"Wauchope",
				"Wellington",
				"West Wyalong",
				"Windsor",
				"Wollongong",
				"Wyong",
				"Yass",
				"Young"
		]
	},
	{"country":"AU","capital":"Melbourne","short":"VIC","name":"Victoria",
		"city":[
				"Albury-Wodonga",
				"Ararat",
				"Bacchus Marsh",
				"Bairnsdale",
				"Ballarat",
				"Beechworth",
				"Benalla",
				"Bendigo",
				"Castlemaine",
				"Colac",
				"Echuca",
				"Geelong",
				"Hamilton",
				"Healesville",
				"Horsham",
				"Kerang",
				"Kyabram",
				"Kyneton",
				"Lakes Entrance",
				"Maryborough",
				"Melbourne",
				"Mildura",
				"Moe",
				"Morwell",
				"Port Fairy",
				"Portland",
				"Sale",
				"Sea Lake",
				"Seymour",
				"Shepparton",
				"Sunbury",
				"Swan Hill",
				"Traralgon",
				"Yarrawonga",
				"Wangaratta",
				"Warragul",
				"Werribee",
				"Wonthaggi"
		]
	},
	{"country":"AU","capital":"Brisbane","short":"QLD","name":"Queensland",
		"city":[
				"Ayr",
				"Beaudesert",
				"Blackwater",
				"Bowen",
				"Brisbane",
				"Buderim",
				"Bundaberg",
				"Caboolture",
				"Cairns",
				"Charleville",
				"Charters Towers",
				"Cooktown",
				"Dalby",
				"Deception Bay",
				"Emerald",
				"Gatton",
				"Gladstone",
				"Gold Coast",
				"Goondiwindi",
				"Gympie",
				"Hervey Bay",
				"Ingham",
				"Innisfail",
				"Kingaroy",
				"Mackay",
				"Mareeba",
				"Maroochydore",
				"Maryborough",
				"Moonie",
				"Moranbah",
				"Mount Isa",
				"Mount Morgan",
				"Moura",
				"Redcliffe",
				"Rockhampton",
				"Roma",
				"Stanthorpe",
				"Toowoomba",
				"Townsville",
				"Warwick",
				"Weipa",
				"Winton",
				"Yeppoon"
		]
	},
	{"country":"AU","capital":"Adelaide","short":"SA","name":"South Australia",
		"city":[
				"Adelaide",
				"Ceduna",
				"Clare",
				"Coober Pedy",
				"Gawler",
				"Goolwa",
				"Iron Knob",
				"Leigh Creek",
				"Loxton",
				"Millicent",
				"Mount Gambier",
				"Murray Bridge",
				"Naracoorte",
				"Oodnadatta",
				"Port Adelaide Enfield",
				"Port Augusta",
				"Port Lincoln",
				"Port Pirie",
				"Renmark",
				"Victor Harbor",
				"Whyalla"
		]
	},
	{"country":"AU","capital":"Perth","short":"WA","name":"Western Australia",
		"city":[
			"Broome",
			"Bunbury",
			"Busselton",
			"Coolgardie",
			"Dampier",
			"Derby",
			"Fremantle",
			"Geraldton",
			"Kalgoorlie",
			"Kambalda",
			"Katanning",
			"Kwinana",
			"Mandurah",
			"Meekatharra",
			"Mount Barker",
			"Narrogin",
			"Newman",
			"Northam",
			"Perth",
			"Port Hedland",
			"Tom Price",
			"Wyndham"
		]
	},
	{"country":"AU","capital":"Hobart","short":"TAS","name":"Tasmania",
		"city":[
				"Beaconsfield",
				"Bell Bay",
				"Burnie",
				"Devonport",
				"Hobart",
				"Kingston",
				"Launceston",
				"New Norfolk",
				"Queenstown",
				"Richmond",
				"Rosebery",
				"Smithton",
				"Stanley",
				"Ulverstone",
				"Wynyard"
		]
	},
	{"country":"AU","capital":"Darwin","short":"NT","name":"Northern Territory",
		"city": [
					"Alice Springs",
					"Anthony Lagoon",
					"Darwin",
					"Katherine",
					"Tennant Creek"
				]
	}
]